focal.species,plot,treatment,subplot,mature,immature,survival.to.reproduction,notes,inflorescences,inviable
Monoculus monstrosus,15,C,3,2,0,yes,"(added one to total seeds, see performance data)",NA,0
Velleia rosea,5,E,2,20,0,yes,2/20 partially eaten,NA,1
Hyalosperma glutinosum,15,E,2,38,0,yes,blown away and later found so check rep unit,NA,0
Trachymene ornata,1,E,2,NA,NA,NA,cyanopetala,NA,NA
Trachymene ornata,1,C,1,NA,NA,NA,cyanopetala,NA,NA
Trachymene ornata,2,E,1,NA,NA,NA,cyanopetala,NA,NA
Trachymene ornata,2,E,2,NA,NA,NA,cyanopetala,NA,NA
Trachymene ornata,2,E,3,NA,NA,NA,cyanopetala,NA,NA
Trachymene ornata,2,C,1,NA,NA,NA,cyanopetala,NA,NA
Trachymene ornata,2,C,2,NA,NA,NA,cyanopetala,NA,NA
Trachymene ornata,2,C,3,NA,NA,NA,cyanopetala,NA,NA
Trachymene ornata,3,E,1,NA,NA,NA,cyanopetala,NA,NA
Trachymene ornata,3,E,2,NA,NA,NA,cyanopetala,NA,NA
Trachymene ornata,3,E,3,NA,NA,NA,cyanopetala,NA,NA
Trachymene ornata,3,C,1,NA,NA,NA,cyanopetala,NA,NA
Trachymene ornata,3,C,2,NA,NA,NA,cyanopetala,NA,NA
Trachymene ornata,3,C,3,NA,NA,NA,cyanopetala,NA,NA
Trachymene ornata,4,E,1,NA,NA,NA,cyanopetala,NA,NA
Trachymene ornata,4,E,3,NA,NA,NA,cyanopetala,NA,NA
Trachymene ornata,4,C,3,NA,NA,NA,cyanopetala,NA,NA
Trachymene ornata,5,E,1,NA,NA,NA,cyanopetala,NA,NA
Trachymene ornata,5,E,2,NA,NA,NA,cyanopetala,NA,NA
Trachymene ornata,5,E,3,NA,NA,NA,cyanopetala,NA,NA
Trachymene ornata,5,C,1,NA,NA,NA,cyanopetala,NA,NA
Trachymene ornata,5,C,2,NA,NA,NA,cyanopetala,NA,NA
Trachymene ornata,5,C,3,NA,NA,NA,cyanopetala,NA,NA
Trachymene ornata,6,E,1,NA,NA,NA,cyanopetala,NA,NA
Trachymene ornata,6,E,2,NA,NA,NA,cyanopetala,NA,NA
Trachymene ornata,6,E,3,NA,NA,NA,cyanopetala,NA,NA
Trachymene ornata,6,C,2,NA,NA,NA,cyanopetala,NA,NA
Trachymene ornata,6,C,3,NA,NA,NA,cyanopetala,NA,NA
Trachymene ornata,7,E,2,NA,NA,NA,cyanopetala,NA,NA
Trachymene ornata,7,E,3,NA,NA,NA,cyanopetala,NA,NA
Trachymene ornata,7,C,1,NA,NA,NA,cyanopetala,NA,NA
Trachymene ornata,7,C,2,NA,NA,NA,cyanopetala,NA,NA
Trachymene ornata,7,C,3,NA,NA,NA,cyanopetala,NA,NA
Trachymene ornata,8,E,1,NA,NA,NA,cyanopetala,NA,NA
Trachymene ornata,8,E,2,NA,NA,NA,cyanopetala,NA,NA
Trachymene ornata,8,E,3,NA,NA,NA,cyanopetala,NA,NA
Trachymene ornata,8,C,1,NA,NA,NA,cyanopetala,NA,NA
Trachymene ornata,8,C,2,NA,NA,NA,cyanopetala,NA,NA
Trachymene ornata,8,C,3,NA,NA,NA,cyanopetala,NA,NA
Trachymene ornata,9,E,3,NA,NA,NA,cyanopetala,NA,NA
Trachymene ornata,9,C,2,NA,NA,NA,cyanopetala,NA,NA
Trachymene ornata,9,C,3,NA,NA,NA,cyanopetala,NA,NA
Trachymene ornata,10,E,1,NA,NA,NA,cyanopetala,NA,NA
Trachymene ornata,10,E,2,NA,NA,NA,cyanopetala,NA,NA
Trachymene ornata,10,E,3,NA,NA,NA,cyanopetala,NA,NA
Trachymene ornata,10,C,2,NA,NA,NA,cyanopetala,NA,NA
Trachymene ornata,12,E,1,NA,NA,NA,cyanopetala,NA,NA
Trachymene ornata,12,E,2,NA,NA,NA,cyanopetala,NA,NA
Trachymene ornata,12,C,2,NA,NA,NA,cyanopetala,NA,NA
Trachymene ornata,12,C,3,NA,NA,NA,cyanopetala,NA,NA
Trachymene ornata,13,E,1,NA,NA,NA,cyanopetala,NA,NA
Trachymene ornata,13,E,2,NA,NA,NA,cyanopetala,NA,NA
Trachymene ornata,13,E,3,NA,NA,NA,cyanopetala,NA,NA
Trachymene ornata,13,C,1,NA,NA,NA,cyanopetala,NA,NA
Trachymene ornata,14,E,1,NA,NA,NA,cyanopetala,NA,NA
Trachymene ornata,14,E,2,NA,NA,NA,cyanopetala,NA,NA
Trachymene ornata,14,E,3,NA,NA,NA,cyanopetala,NA,NA
Trachymene ornata,14,C,1,NA,NA,NA,cyanopetala,NA,NA
Trachymene ornata,14,C,2,NA,NA,NA,cyanopetala,NA,NA
Trachymene ornata,14,C,3,NA,NA,NA,cyanopetala,NA,NA
Trachymene ornata,15,E,1,NA,NA,NA,cyanopetala,NA,NA
Trachymene ornata,15,E,2,NA,NA,NA,cyanopetala,NA,NA
Trachymene ornata,15,E,3,NA,NA,NA,cyanopetala,NA,NA
Trachymene ornata,15,C,1,NA,NA,NA,cyanopetala,NA,NA
Trachymene ornata,15,C,2,NA,NA,NA,cyanopetala,NA,NA
Trachymene ornata,15,C,3,NA,NA,NA,cyanopetala,NA,NA
Trachymene ornata,16,E,1,NA,NA,NA,cyanopetala,NA,NA
Trachymene ornata,16,E,2,NA,NA,NA,cyanopetala,NA,NA
Trachymene ornata,16,E,3,NA,NA,NA,cyanopetala,NA,NA
Trachymene ornata,17,E,1,NA,NA,NA,cyanopetala,NA,NA
Trachymene ornata,17,E,2,NA,NA,NA,cyanopetala,NA,NA
Trachymene ornata,17,E,3,NA,NA,NA,cyanopetala,NA,NA
Trachymene ornata,17,C,1,NA,NA,NA,cyanopetala,NA,NA
Trachymene ornata,17,C,2,NA,NA,NA,cyanopetala,NA,NA
Trachymene ornata,17,C,3,NA,NA,NA,cyanopetala,NA,NA
Trachymene ornata,18,E,1,NA,NA,NA,cyanopetala,NA,NA
Trachymene ornata,18,E,2,NA,NA,NA,cyanopetala,NA,NA
Trachymene ornata,18,E,3,NA,NA,NA,cyanopetala,NA,NA
Trachymene ornata,18,C,1,NA,NA,NA,cyanopetala,NA,NA
Trachymene ornata,18,C,2,NA,NA,NA,cyanopetala,NA,NA
Trachymene ornata,18,C,3,NA,NA,NA,cyanopetala,NA,NA
Trachymene ornata,19,E,1,NA,NA,NA,cyanopetala,NA,NA
Trachymene ornata,19,E,2,NA,NA,NA,cyanopetala,NA,NA
Trachymene ornata,19,E,3,NA,NA,NA,cyanopetala,NA,NA
Trachymene ornata,19,C,1,NA,NA,NA,cyanopetala,NA,NA
Trachymene ornata,19,C,2,NA,NA,NA,cyanopetala,NA,NA
Trachymene ornata,19,C,3,NA,NA,NA,cyanopetala,NA,NA
Trachymene ornata,20,E,1,NA,NA,NA,cyanopetala,NA,NA
Trachymene ornata,20,E,2,NA,NA,NA,cyanopetala,NA,NA
Trachymene ornata,20,E,3,NA,NA,NA,cyanopetala,NA,NA
Trachymene ornata,20,C,1,NA,NA,NA,cyanopetala,NA,NA
Trachymene ornata,20,C,2,NA,NA,NA,cyanopetala,NA,NA
Trachymene ornata,20,C,3,NA,NA,NA,cyanopetala,NA,NA
Trachymene ornata,21,E,1,NA,NA,NA,cyanopetala,NA,NA
Trachymene ornata,21,E,2,NA,NA,NA,cyanopetala,NA,NA
Trachymene ornata,21,E,3,NA,NA,NA,cyanopetala,NA,NA
Trachymene ornata,21,C,2,NA,NA,NA,cyanopetala,NA,NA
Trachymene ornata,21,C,3,NA,NA,NA,cyanopetala,NA,NA
Trachymene ornata,22,E,1,NA,NA,NA,cyanopetala,NA,NA
Trachymene ornata,22,E,2,NA,NA,NA,cyanopetala,NA,NA
Trachymene ornata,22,C,1,NA,NA,NA,cyanopetala,NA,NA
Trachymene ornata,22,C,2,NA,NA,NA,cyanopetala,NA,NA
Trachymene ornata,22,C,3,NA,NA,NA,cyanopetala,NA,NA
Trachymene ornata,24,E,1,NA,NA,NA,cyanopetala,NA,NA
Trachymene ornata,24,E,2,NA,NA,NA,cyanopetala,NA,NA
Trachymene ornata,24,E,3,NA,NA,NA,cyanopetala,NA,NA
Trachymene ornata,24,C,1,NA,NA,NA,cyanopetala,NA,NA
Trachymene ornata,24,C,2,NA,NA,NA,cyanopetala,NA,NA
Trachymene ornata,24,C,3,NA,NA,NA,cyanopetala,NA,NA
Podolepis canescens,13,E,1,0,0,no,DEAD,NA,NA
Trachymene cyanopetala,16,C,3,NA,NA,NA,DEAD (but unsure about species),NA,NA
Trachymene ornata,16,C,3,NA,NA,NA,DEAD (but unsure about species),NA,NA
Arctotheca calendula,6,C,1,NA,NA,yes,double up,NA,NA
Velleia rosea,7,C,1,NA,NA,NA,double up,NA,NA
Trachymene ornata,23,C,2,110,0,yes,DOUBLE UP C2,NA,21
Trachymene ornata,23,C,3,75,0,yes,DOUBLE UP C2,NA,24
Podolepis canescens,8,C,2,5,182,yes,double up of c2 (roughly same numbers so randomly assigned to C1 and C2),NA,NA
Podolepis canescens,8,E,2,253,450,yes,DOUBLE UP OF ES (randomly assigned e2 and e3 from double up of e2,NA,NA
Plantago debilis,1,C,2,0,0,yes,eaten,NA,0
Plantago debilis,3,C,3,0,0,yes,eaten,NA,0
Plantago debilis,5,C,2,0,0,yes,eaten,NA,0
Velleia rosea,16,C,3,NA,NA,NA,Goodenia pussiliflora,NA,NA
Hyalosperma glutinosum,14,E,3,NA,NA,NA,HYGL14E3 but PLDE in it,NA,NA
Daucus glochidiatus,6,E,1,12,NA,yes,immatures not counted,NA,NA
Daucus glochidiatus,6,E,2,6,NA,yes,immatures not counted,NA,NA
Daucus glochidiatus,6,E,3,9,NA,yes,immatures not counted,NA,NA
Daucus glochidiatus,6,C,1,25,NA,yes,immatures not counted,NA,NA
Daucus glochidiatus,6,C,2,3,NA,yes,immatures not counted,NA,NA
Daucus glochidiatus,6,C,3,9,NA,yes,immatures not counted,NA,NA
Medicago minima,15,C,1,6,NA,yes,kangaroo jumped on,NA,NA
Medicago minima,9,E,1,NA,NA,yes,medicago polymorpha,NA,NA
Medicago minima,9,E,2,NA,NA,yes,medicago polymorpha,NA,NA
Medicago minima,9,E,3,NA,NA,yes,medicago polymorpha,NA,NA
Medicago minima,9,C,1,NA,NA,yes,medicago polymorpha,NA,NA
Medicago minima,9,C,2,NA,NA,yes,medicago polymorpha,NA,NA
Medicago minima,9,C,3,NA,NA,yes,medicago polymorpha,NA,NA
Medicago minima,10,E,3,NA,NA,yes,medicago polymorpha,NA,NA
Medicago minima,12,E,3,NA,NA,yes,medicago polymorpha,NA,NA
Medicago minima,16,E,2,NA,NA,yes,medicago polymorpha,NA,NA
Arctotheca calendula,1,E,2,NA,NA,NA,missing,NA,NA
Arctotheca calendula,1,E,3,NA,NA,NA,missing,NA,NA
Arctotheca calendula,1,C,3,NA,NA,NA,missing,NA,NA
Arctotheca calendula,7,E,3,NA,NA,NA,missing,NA,NA
Arctotheca calendula,7,C,3,NA,NA,NA,missing,NA,NA
Daucus glochidiatus,2,C,1,NA,NA,NA,missing,NA,NA
Daucus glochidiatus,5,E,2,NA,NA,NA,missing,NA,NA
Daucus glochidiatus,5,C,3,NA,NA,NA,missing,NA,NA
Hyalosperma glutinosum,2,C,3,NA,NA,NA,missing,NA,NA
Hyalosperma glutinosum,10,C,3,NA,NA,yes,missing,NA,NA
Pentameris airoides,1,E,3,NA,NA,NA,missing,NA,NA
Pentameris airoides,3,C,1,NA,NA,NA,missing,NA,NA
Pentameris airoides,11,C,1,NA,NA,NA,missing,NA,NA
Pentameris airoides,13,E,1,NA,NA,NA,missing,NA,NA
Podolepis canescens,5,C,2,NA,NA,NA,missing,NA,NA
Podolepis canescens,6,C,3,NA,NA,NA,missing,NA,NA
Trachymene cyanopetala,9,E,2,NA,NA,NA,missing,NA,NA
Trachymene cyanopetala,10,C,1,NA,NA,NA,missing,NA,NA
Trachymene cyanopetala,10,C,3,NA,NA,NA,missing,NA,NA
Trachymene cyanopetala,21,C,1,NA,NA,NA,missing,NA,NA
Trachymene cyanopetala,22,E,3,NA,NA,NA,missing,NA,NA
Trachymene ornata,10,C,1,NA,NA,NA,missing,NA,NA
Trachymene ornata,10,C,3,NA,NA,NA,missing,NA,NA
Trachymene ornata,12,E,3,NA,NA,NA,missing,NA,NA
Trachymene ornata,12,C,1,NA,NA,NA,missing,NA,NA
Trachymene ornata,21,C,1,NA,NA,NA,missing,NA,NA
Trachymene ornata,22,E,3,NA,NA,NA,missing,NA,NA
Velleia rosea,1,E,1,NA,NA,NA,missing,NA,NA
Velleia rosea,2,E,2,NA,NA,NA,missing,NA,NA
Trachymene ornata,9,E,2,NA,NA,NA,missing ,NA,NA
Arctotheca calendula,1,E,1,0,0,no,NA,NA,NA
Arctotheca calendula,1,C,1,66,21,yes,NA,NA,NA
Arctotheca calendula,1,C,2,0,0,no,NA,NA,NA
Arctotheca calendula,2,E,1,179,35,yes,NA,NA,NA
Arctotheca calendula,2,E,2,838,56,yes,NA,NA,NA
Arctotheca calendula,2,E,3,17,0,yes,NA,NA,NA
Arctotheca calendula,2,C,1,80,13,yes,NA,NA,NA
Arctotheca calendula,2,C,2,70,0,yes,NA,NA,NA
Arctotheca calendula,2,C,3,65,5,yes,NA,NA,NA
Arctotheca calendula,3,E,1,29,0,yes,NA,NA,NA
Arctotheca calendula,3,E,2,492,51,yes,NA,NA,NA
Arctotheca calendula,3,E,3,83,27,yes,NA,NA,NA
Arctotheca calendula,3,C,1,6,0,yes,NA,NA,NA
Arctotheca calendula,3,C,2,0,0,yes,NA,NA,NA
Arctotheca calendula,3,C,3,104,0,yes,NA,NA,NA
Arctotheca calendula,4,E,1,14,0,yes,NA,NA,NA
Arctotheca calendula,4,E,2,49,15,yes,NA,NA,NA
Arctotheca calendula,4,E,3,68,15,yes,NA,NA,NA
Arctotheca calendula,4,C,1,18,3,yes,NA,NA,NA
Arctotheca calendula,4,C,2,32,5,yes,NA,NA,NA
Arctotheca calendula,4,C,3,19,1,yes,NA,NA,NA
Arctotheca calendula,5,E,1,77,0,yes,NA,NA,NA
Arctotheca calendula,5,E,2,183,2,yes,NA,NA,NA
Arctotheca calendula,5,E,3,81,16,yes,NA,NA,NA
Arctotheca calendula,5,C,1,13,2,yes,NA,NA,NA
Arctotheca calendula,5,C,2,37,0,yes,NA,NA,NA
Arctotheca calendula,5,C,3,278,23,yes,NA,NA,NA
Arctotheca calendula,6,E,1,20,1,yes,NA,NA,NA
Arctotheca calendula,6,E,2,389,41,yes,NA,NA,NA
Arctotheca calendula,6,E,3,163,2,yes,NA,NA,NA
Arctotheca calendula,6,C,2,68,3,yes,NA,NA,NA
Arctotheca calendula,6,C,3,118,8,yes,NA,NA,NA
Arctotheca calendula,7,E,1,23,13,yes,NA,NA,NA
Arctotheca calendula,7,E,2,0,0,yes,NA,NA,NA
Arctotheca calendula,7,C,1,0,0,no,NA,NA,NA
Arctotheca calendula,7,C,2,23,7,yes,NA,NA,NA
Arctotheca calendula,8,E,1,179,21,yes,NA,NA,NA
Arctotheca calendula,8,E,2,92,1,yes,NA,NA,NA
Arctotheca calendula,8,E,3,23,7,yes,NA,NA,NA
Arctotheca calendula,8,C,1,0,0,yes,NA,NA,NA
Arctotheca calendula,8,C,2,25,8,yes,NA,NA,NA
Arctotheca calendula,8,C,3,32,3,yes,NA,NA,NA
Arctotheca calendula,9,E,1,7,4,yes,NA,NA,NA
Arctotheca calendula,9,E,2,15,2,yes,NA,NA,NA
Arctotheca calendula,9,E,3,20,5,yes,NA,NA,NA
Arctotheca calendula,9,C,1,1,1,yes,NA,NA,NA
Arctotheca calendula,9,C,2,22,2,yes,NA,NA,NA
Arctotheca calendula,9,C,3,4,0,yes,NA,NA,NA
Arctotheca calendula,10,E,1,1,0,yes,NA,NA,NA
Arctotheca calendula,10,E,2,0,0,yes,NA,NA,NA
Arctotheca calendula,10,E,3,3,3,yes,NA,NA,NA
Arctotheca calendula,10,C,1,0,0,yes,NA,NA,NA
Arctotheca calendula,10,C,2,7,2,yes,NA,NA,NA
Arctotheca calendula,10,C,3,6,0,yes,NA,NA,NA
Arctotheca calendula,11,E,1,279,4,yes,NA,NA,NA
Arctotheca calendula,11,E,2,107,6,yes,NA,NA,NA
Arctotheca calendula,11,E,3,316,2,yes,NA,NA,NA
Arctotheca calendula,11,C,1,92,2,yes,NA,NA,NA
Arctotheca calendula,11,C,2,420,20,yes,NA,NA,NA
Arctotheca calendula,11,C,3,223,9,yes,NA,NA,NA
Arctotheca calendula,12,E,1,11,0,yes,NA,NA,NA
Arctotheca calendula,12,E,2,17,0,yes,NA,NA,NA
Arctotheca calendula,12,E,3,39,0,yes,NA,NA,NA
Arctotheca calendula,12,C,1,0,0,yes,NA,NA,NA
Arctotheca calendula,12,C,2,81,3,yes,NA,NA,NA
Arctotheca calendula,12,C,3,186,17,yes,NA,NA,NA
Arctotheca calendula,13,E,1,54,2,yes,NA,NA,NA
Arctotheca calendula,13,E,2,0,0,yes,NA,NA,NA
Arctotheca calendula,13,E,3,0,0,yes,NA,NA,NA
Arctotheca calendula,13,C,1,0,0,yes,NA,NA,NA
Arctotheca calendula,13,C,2,0,0,yes,NA,NA,NA
Arctotheca calendula,13,C,3,0,0,yes,NA,NA,NA
Arctotheca calendula,14,E,1,840,24,yes,NA,NA,NA
Arctotheca calendula,14,E,2,599,13,yes,NA,NA,NA
Arctotheca calendula,14,E,3,NA,NA,yes,NA,NA,NA
Arctotheca calendula,14,C,1,232,4,yes,NA,NA,NA
Arctotheca calendula,14,C,2,849,6,yes,NA,NA,NA
Arctotheca calendula,14,C,3,NA,NA,yes,NA,NA,NA
Arctotheca calendula,15,E,1,100,14,yes,NA,NA,NA
Arctotheca calendula,15,E,2,45,10,yes,NA,NA,NA
Arctotheca calendula,15,E,3,163,22,yes,NA,NA,NA
Arctotheca calendula,15,C,1,258,10,yes,NA,NA,NA
Arctotheca calendula,15,C,2,197,0,yes,NA,NA,NA
Arctotheca calendula,15,C,3,90,0,yes,NA,NA,NA
Arctotheca calendula,16,E,1,4,3,yes,NA,NA,NA
Arctotheca calendula,16,E,2,121,9,yes,NA,NA,NA
Arctotheca calendula,16,E,3,221,5,yes,NA,NA,NA
Arctotheca calendula,16,C,1,49,7,yes,NA,NA,NA
Arctotheca calendula,16,C,2,59,23,yes,NA,NA,NA
Arctotheca calendula,16,C,3,82,4,yes,NA,NA,NA
Daucus glochidiatus,1,E,1,6,0,yes,NA,NA,NA
Daucus glochidiatus,1,E,2,33,2,yes,NA,NA,NA
Daucus glochidiatus,1,E,3,16,0,yes,NA,NA,NA
Daucus glochidiatus,1,C,1,23,4,yes,NA,NA,NA
Daucus glochidiatus,1,C,2,6,0,yes,NA,NA,NA
Daucus glochidiatus,1,C,3,8,0,yes,NA,NA,NA
Daucus glochidiatus,2,E,1,7,16,yes,NA,NA,NA
Daucus glochidiatus,2,E,2,0,14,yes,NA,NA,NA
Daucus glochidiatus,2,E,3,0,32,yes,NA,NA,NA
Daucus glochidiatus,2,C,2,0,12,yes,NA,NA,NA
Daucus glochidiatus,2,C,3,0,6,yes,NA,NA,NA
Daucus glochidiatus,3,E,1,10,8,yes,NA,NA,NA
Daucus glochidiatus,3,E,2,4,16,yes,NA,NA,NA
Daucus glochidiatus,3,E,3,NA,NA,yes,NA,NA,NA
Daucus glochidiatus,3,C,1,16,12,yes,NA,NA,NA
Daucus glochidiatus,3,C,2,4,4,yes,NA,NA,NA
Daucus glochidiatus,3,C,3,NA,NA,yes,NA,NA,NA
Daucus glochidiatus,4,E,1,30,8,yes,NA,NA,NA
Daucus glochidiatus,4,E,2,4,28,yes,NA,NA,NA
Daucus glochidiatus,4,E,3,NA,NA,yes,NA,NA,NA
Daucus glochidiatus,4,C,1,2,16,yes,NA,NA,NA
Daucus glochidiatus,4,C,2,10,20,yes,NA,NA,NA
Daucus glochidiatus,4,C,3,NA,NA,yes,NA,NA,NA
Daucus glochidiatus,5,E,1,0,10,yes,NA,NA,NA
Daucus glochidiatus,5,E,3,4,14,yes,NA,NA,NA
Daucus glochidiatus,5,C,1,0,30,yes,NA,NA,NA
Daucus glochidiatus,5,C,2,0,10,yes,NA,NA,NA
Daucus glochidiatus,7,E,1,24,2,yes,NA,NA,NA
Daucus glochidiatus,7,E,2,12,6,yes,NA,NA,NA
Daucus glochidiatus,7,E,3,0,0,no,NA,NA,NA
Daucus glochidiatus,7,C,1,12,4,yes,NA,NA,NA
Daucus glochidiatus,7,C,2,8,0,yes,NA,NA,NA
Daucus glochidiatus,7,C,3,15,6,yes,NA,NA,NA
Daucus glochidiatus,8,E,1,22,8,yes,NA,NA,NA
Daucus glochidiatus,8,E,2,6,2,yes,NA,NA,NA
Daucus glochidiatus,8,E,3,39,4,yes,NA,NA,NA
Daucus glochidiatus,8,C,1,2,0,yes,NA,NA,NA
Daucus glochidiatus,8,C,2,16,0,yes,NA,NA,NA
Daucus glochidiatus,9,E,1,16,0,yes,NA,NA,NA
Daucus glochidiatus,9,E,2,9,0,yes,NA,NA,NA
Daucus glochidiatus,9,E,3,8,2,yes,NA,NA,NA
Daucus glochidiatus,9,C,1,14,0,yes,NA,NA,NA
Daucus glochidiatus,9,C,2,8,0,yes,NA,NA,NA
Daucus glochidiatus,9,C,3,49,10,yes,NA,NA,NA
Daucus glochidiatus,10,E,1,4,2,yes,NA,NA,NA
Daucus glochidiatus,10,E,2,11,2,yes,NA,NA,NA
Daucus glochidiatus,10,E,3,2,6,yes,NA,NA,NA
Daucus glochidiatus,10,C,1,2,0,yes,NA,NA,NA
Daucus glochidiatus,10,C,2,21,12,yes,NA,NA,NA
Daucus glochidiatus,10,C,3,10,10,yes,NA,NA,NA
Daucus glochidiatus,11,E,1,10,4,yes,NA,NA,NA
Daucus glochidiatus,11,E,2,6,2,yes,NA,NA,NA
Daucus glochidiatus,11,E,3,11,0,yes,NA,NA,NA
Daucus glochidiatus,11,C,1,2,4,yes,NA,NA,NA
Daucus glochidiatus,11,C,2,4,6,yes,NA,NA,NA
Daucus glochidiatus,11,C,3,8,0,yes,NA,NA,NA
Daucus glochidiatus,12,E,1,17,12,yes,NA,NA,NA
Daucus glochidiatus,12,E,2,0,4,yes,NA,NA,NA
Daucus glochidiatus,12,E,3,12,0,yes,NA,NA,NA
Daucus glochidiatus,12,C,1,8,6,yes,NA,NA,NA
Daucus glochidiatus,12,C,2,11,0,yes,NA,NA,NA
Daucus glochidiatus,12,C,3,23,18,yes,NA,NA,NA
Daucus glochidiatus,13,E,1,31,6,yes,NA,NA,NA
Daucus glochidiatus,13,E,2,10,6,yes,NA,NA,NA
Daucus glochidiatus,13,E,3,9,4,yes,NA,NA,NA
Daucus glochidiatus,13,C,1,4,4,yes,NA,NA,NA
Daucus glochidiatus,13,C,2,10,10,yes,NA,NA,NA
Daucus glochidiatus,13,C,3,18,12,yes,NA,NA,NA
Daucus glochidiatus,14,E,1,37,6,yes,NA,NA,NA
Daucus glochidiatus,14,E,2,31,16,yes,NA,NA,NA
Daucus glochidiatus,14,E,3,26,8,yes,NA,NA,NA
Daucus glochidiatus,14,C,1,41,0,yes,NA,NA,NA
Daucus glochidiatus,14,C,2,30,4,yes,NA,NA,NA
Daucus glochidiatus,14,C,3,49,6,yes,NA,NA,NA
Daucus glochidiatus,15,E,1,14,30,yes,NA,NA,NA
Daucus glochidiatus,15,E,2,16,20,yes,NA,NA,NA
Daucus glochidiatus,15,E,3,36,10,yes,NA,NA,NA
Daucus glochidiatus,15,C,1,6,8,yes,NA,NA,NA
Daucus glochidiatus,15,C,2,2,4,yes,NA,NA,NA
Daucus glochidiatus,15,C,3,12,8,yes,NA,NA,NA
Daucus glochidiatus,16,E,1,12,4,yes,NA,NA,NA
Daucus glochidiatus,16,E,2,24,14,yes,NA,NA,NA
Daucus glochidiatus,16,E,3,17,6,yes,NA,NA,NA
Daucus glochidiatus,16,C,1,7,2,yes,NA,NA,NA
Daucus glochidiatus,16,C,2,6,2,yes,NA,NA,NA
Daucus glochidiatus,16,C,3,6,0,yes,NA,NA,NA
Gilberta tenuifolia,1,E,1,134,NA,yes,NA,33,8
Gilberta tenuifolia,1,E,2,232,NA,yes,NA,72,32
Gilberta tenuifolia,1,E,3,154,NA,yes,NA,39,27
Gilberta tenuifolia,1,C,1,31,NA,yes,NA,12,8
Gilberta tenuifolia,1,C,2,37,NA,yes,NA,15,6
Gilberta tenuifolia,1,C,3,65,NA,yes,NA,17,2
Gilberta tenuifolia,2,E,1,103,NA,yes,NA,25,1
Gilberta tenuifolia,2,E,2,333,NA,yes,NA,90,23
Gilberta tenuifolia,2,E,3,121,NA,yes,NA,34,11
Gilberta tenuifolia,2,C,1,152,NA,yes,NA,44,1
Gilberta tenuifolia,2,C,2,66,NA,yes,NA,12,0
Gilberta tenuifolia,2,C,3,48,NA,yes,NA,17,1
Gilberta tenuifolia,3,E,1,121,NA,yes,NA,40,11
Gilberta tenuifolia,3,E,2,58,NA,yes,NA,25,3
Gilberta tenuifolia,3,E,3,26,NA,yes,NA,6,3
Gilberta tenuifolia,3,C,1,30,NA,yes,NA,10,0
Gilberta tenuifolia,3,C,2,24,NA,yes,NA,8,5
Gilberta tenuifolia,3,C,3,102,NA,yes,NA,30,8
Gilberta tenuifolia,4,E,1,94,NA,yes,NA,28,1
Gilberta tenuifolia,4,E,2,37,NA,yes,NA,9,1
Gilberta tenuifolia,4,E,3,128,NA,yes,NA,35,1
Gilberta tenuifolia,4,C,1,52,NA,yes,NA,10,0
Gilberta tenuifolia,4,C,2,12,NA,yes,NA,4,0
Gilberta tenuifolia,4,C,3,9,NA,yes,NA,5,0
Gilberta tenuifolia,5,E,1,60,NA,yes,NA,13,10
Gilberta tenuifolia,5,E,2,51,NA,yes,NA,19,13
Gilberta tenuifolia,5,E,3,22,NA,yes,NA,24,20
Gilberta tenuifolia,5,C,1,65,NA,yes,NA,10,4
Gilberta tenuifolia,5,C,2,36,NA,yes,NA,19,7
Gilberta tenuifolia,5,C,3,67,NA,yes,NA,21,5
Gilberta tenuifolia,6,E,1,69,NA,yes,NA,22,2
Gilberta tenuifolia,6,E,2,95,NA,yes,NA,29,9
Gilberta tenuifolia,6,E,3,32,NA,yes,NA,11,2
Gilberta tenuifolia,6,C,1,61,NA,yes,NA,15,3
Gilberta tenuifolia,6,C,2,7,NA,yes,NA,8,0
Gilberta tenuifolia,6,C,3,11,NA,yes,NA,9,0
Gilberta tenuifolia,7,E,1,41,NA,yes,NA,31,6
Gilberta tenuifolia,7,E,2,3,NA,yes,NA,2,0
Gilberta tenuifolia,7,E,3,36,NA,yes,NA,19,8
Gilberta tenuifolia,7,C,1,32,NA,yes,NA,12,1
Gilberta tenuifolia,7,C,2,11,NA,yes,NA,10,3
Gilberta tenuifolia,7,C,3,15,NA,yes,NA,6,2
Gilberta tenuifolia,8,E,1,NA,NA,yes,NA,NA,NA
Gilberta tenuifolia,8,E,2,7,NA,yes,NA,18,3
Gilberta tenuifolia,8,E,3,53,NA,yes,NA,13,0
Gilberta tenuifolia,8,C,1,18,NA,yes,NA,4,1
Gilberta tenuifolia,8,C,2,59,NA,yes,NA,27,0
Gilberta tenuifolia,8,C,3,29,NA,yes,NA,20,13
Gilberta tenuifolia,9,E,1,336,NA,yes,NA,69,29
Gilberta tenuifolia,9,E,2,193,NA,yes,NA,50,23
Gilberta tenuifolia,9,E,3,34,NA,yes,NA,25,29
Gilberta tenuifolia,9,C,1,77,NA,yes,NA,12,4
Gilberta tenuifolia,9,C,2,151,NA,yes,NA,49,48
Gilberta tenuifolia,9,C,3,127,NA,yes,NA,30,20
Gilberta tenuifolia,10,E,1,2,NA,yes,NA,10,5
Gilberta tenuifolia,10,E,2,30,NA,yes,NA,11,0
Gilberta tenuifolia,10,E,3,48,NA,yes,NA,9,1
Gilberta tenuifolia,10,C,1,34,NA,yes,NA,8,2
Gilberta tenuifolia,10,C,2,4,NA,yes,NA,2,1
Gilberta tenuifolia,10,C,3,161,NA,yes,NA,38,18
Gilberta tenuifolia,11,E,1,102,NA,yes,NA,29,13
Gilberta tenuifolia,11,E,2,110,NA,yes,NA,58,3
Gilberta tenuifolia,11,E,3,86,NA,yes,NA,41,2
Gilberta tenuifolia,11,C,1,114,NA,yes,NA,17,6
Gilberta tenuifolia,11,C,2,21,NA,yes,NA,5,7
Gilberta tenuifolia,11,C,3,50,NA,yes,NA,13,4
Gilberta tenuifolia,12,E,1,78,NA,yes,NA,25,6
Gilberta tenuifolia,12,E,2,39,NA,yes,NA,9,4
Gilberta tenuifolia,12,E,3,88,NA,yes,NA,21,7
Gilberta tenuifolia,12,C,1,33,NA,yes,NA,13,10
Gilberta tenuifolia,12,C,2,4,NA,yes,NA,4,3
Gilberta tenuifolia,12,C,3,21,NA,yes,NA,4,2
Gilberta tenuifolia,13,E,1,19,NA,yes,NA,11,0
Gilberta tenuifolia,13,E,2,133,NA,yes,NA,62,18
Gilberta tenuifolia,13,E,3,37,NA,yes,NA,17,18
Gilberta tenuifolia,13,C,1,9,NA,yes,NA,10,8
Gilberta tenuifolia,13,C,2,78,NA,yes,NA,25,14
Gilberta tenuifolia,13,C,3,0,NA,yes,NA,19,0
Gilberta tenuifolia,14,E,1,119,NA,yes,NA,35,8
Gilberta tenuifolia,14,E,2,118,NA,yes,NA,44,7
Gilberta tenuifolia,14,E,3,15,NA,yes,NA,8,0
Gilberta tenuifolia,14,C,1,155,NA,yes,NA,38,6
Gilberta tenuifolia,14,C,2,89,NA,yes,NA,18,10
Gilberta tenuifolia,14,C,3,79,NA,yes,NA,13,2
Gilberta tenuifolia,15,E,1,147,NA,yes,NA,42,12
Gilberta tenuifolia,15,E,2,175,NA,yes,NA,72,16
Gilberta tenuifolia,15,E,3,39,NA,yes,NA,25,5
Gilberta tenuifolia,15,C,1,30,NA,yes,NA,12,12
Gilberta tenuifolia,15,C,2,17,NA,yes,NA,9,1
Gilberta tenuifolia,15,C,3,0,NA,yes,NA,3,1
Gilberta tenuifolia,16,E,1,108,NA,yes,NA,52,30
Gilberta tenuifolia,16,E,2,125,NA,yes,NA,32,1
Gilberta tenuifolia,16,E,3,141,NA,yes,NA,42,33
Gilberta tenuifolia,16,C,1,124,NA,yes,NA,64,27
Gilberta tenuifolia,16,C,2,17,NA,yes,NA,7,4
Gilberta tenuifolia,16,C,3,103,NA,yes,NA,39,16
Hyalosperma glutinosum,1,E,1,16,4,yes,NA,NA,0
Hyalosperma glutinosum,1,E,2,20,10,yes,NA,NA,0
Hyalosperma glutinosum,1,E,3,12,7,yes,NA,NA,0
Hyalosperma glutinosum,1,C,1,11,9,yes,NA,NA,0
Hyalosperma glutinosum,1,C,2,38,27,yes,NA,NA,0
Hyalosperma glutinosum,1,C,3,17,10,yes,NA,NA,0
Hyalosperma glutinosum,2,E,1,17,6,yes,NA,NA,0
Hyalosperma glutinosum,2,E,2,20,5,yes,NA,NA,0
Hyalosperma glutinosum,2,E,3,80,16,yes,NA,NA,0
Hyalosperma glutinosum,2,C,1,24,3,yes,NA,NA,0
Hyalosperma glutinosum,2,C,2,6,12,yes,NA,NA,0
Hyalosperma glutinosum,3,E,1,17,1,yes,NA,NA,0
Hyalosperma glutinosum,3,E,2,53,1,yes,NA,NA,0
Hyalosperma glutinosum,3,E,3,46,1,yes,NA,NA,0
Hyalosperma glutinosum,3,C,1,20,0,yes,NA,NA,0
Hyalosperma glutinosum,3,C,2,23,0,yes,NA,NA,0
Hyalosperma glutinosum,3,C,3,60,3,yes,NA,NA,0
Hyalosperma glutinosum,4,E,1,130,34,yes,NA,NA,0
Hyalosperma glutinosum,4,E,2,0,0,no,NA,NA,0
Hyalosperma glutinosum,4,E,3,1,0,yes,NA,NA,1
Hyalosperma glutinosum,4,C,1,14,13,yes,NA,NA,0
Hyalosperma glutinosum,4,C,2,7,3,yes,NA,NA,0
Hyalosperma glutinosum,4,C,3,12,5,yes,NA,NA,0
Hyalosperma glutinosum,5,E,1,9,0,yes,NA,NA,NA
Hyalosperma glutinosum,5,E,2,8,3,yes,NA,NA,NA
Hyalosperma glutinosum,5,E,3,8,0,yes,NA,NA,NA
Hyalosperma glutinosum,5,C,1,7,1,yes,NA,NA,NA
Hyalosperma glutinosum,5,C,2,6,0,yes,NA,NA,NA
Hyalosperma glutinosum,5,C,3,7,0,yes,NA,NA,NA
Hyalosperma glutinosum,6,E,1,45,4,yes,NA,NA,NA
Hyalosperma glutinosum,6,E,2,69,15,yes,NA,NA,NA
Hyalosperma glutinosum,6,E,3,49,3,yes,NA,NA,NA
Hyalosperma glutinosum,6,C,1,70,4,yes,NA,NA,NA
Hyalosperma glutinosum,6,C,2,128,4,yes,NA,NA,NA
Hyalosperma glutinosum,6,C,3,22,0,yes,NA,NA,NA
Hyalosperma glutinosum,7,E,1,201,12,yes,NA,NA,NA
Hyalosperma glutinosum,7,E,2,233,15,yes,NA,NA,NA
Hyalosperma glutinosum,7,E,3,62,12,yes,NA,NA,NA
Hyalosperma glutinosum,7,C,1,207,6,yes,NA,NA,NA
Hyalosperma glutinosum,7,C,2,98,4,yes,NA,NA,NA
Hyalosperma glutinosum,7,C,3,80,9,yes,NA,NA,NA
Hyalosperma glutinosum,8,E,1,10,8,yes,NA,NA,0
Hyalosperma glutinosum,8,E,2,39,27,yes,NA,NA,0
Hyalosperma glutinosum,8,E,3,36,18,yes,NA,NA,0
Hyalosperma glutinosum,8,C,1,42,6,yes,NA,NA,0
Hyalosperma glutinosum,8,C,2,63,13,yes,NA,NA,0
Hyalosperma glutinosum,8,C,3,21,25,yes,NA,NA,0
Hyalosperma glutinosum,9,E,1,71,16,yes,NA,NA,0
Hyalosperma glutinosum,9,E,2,25,0,yes,NA,NA,0
Hyalosperma glutinosum,9,E,3,81,20,yes,NA,NA,0
Hyalosperma glutinosum,9,C,1,44,7,yes,NA,NA,0
Hyalosperma glutinosum,9,C,2,13,0,yes,NA,NA,0
Hyalosperma glutinosum,9,C,3,87,20,yes,NA,NA,0
Hyalosperma glutinosum,10,E,1,97,18,yes,NA,NA,0
Hyalosperma glutinosum,10,E,2,98,13,yes,NA,NA,0
Hyalosperma glutinosum,10,E,3,35,8,yes,NA,NA,0
Hyalosperma glutinosum,10,C,1,18,2,yes,NA,NA,0
Hyalosperma glutinosum,10,C,2,55,38,yes,NA,NA,0
Hyalosperma glutinosum,11,E,1,362,22,yes,NA,NA,NA
Hyalosperma glutinosum,11,E,2,123,12,yes,NA,NA,NA
Hyalosperma glutinosum,11,E,3,0,0,no,NA,NA,0
Hyalosperma glutinosum,11,C,1,10,41,yes,NA,NA,NA
Hyalosperma glutinosum,11,C,2,179,9,yes,NA,NA,NA
Hyalosperma glutinosum,11,C,3,37,2,yes,NA,NA,NA
Hyalosperma glutinosum,12,E,1,42,1,yes,NA,NA,NA
Hyalosperma glutinosum,12,E,2,60,0,yes,NA,NA,NA
Hyalosperma glutinosum,12,E,3,16,1,yes,NA,NA,NA
Hyalosperma glutinosum,12,C,1,27,3,yes,NA,NA,NA
Hyalosperma glutinosum,12,C,2,69,0,yes,NA,NA,NA
Hyalosperma glutinosum,12,C,3,50,1,yes,NA,NA,NA
Hyalosperma glutinosum,13,E,1,16,2,yes,NA,NA,0
Hyalosperma glutinosum,13,E,2,67,20,yes,NA,NA,0
Hyalosperma glutinosum,13,E,3,7,0,yes,NA,NA,0
Hyalosperma glutinosum,13,C,1,41,8,yes,NA,NA,0
Hyalosperma glutinosum,13,C,2,22,6,yes,NA,NA,0
Hyalosperma glutinosum,13,C,3,58,16,yes,NA,NA,0
Hyalosperma glutinosum,14,E,1,113,15,yes,NA,NA,0
Hyalosperma glutinosum,14,E,2,36,7,yes,NA,NA,0
Hyalosperma glutinosum,14,C,1,9,0,yes,NA,NA,0
Hyalosperma glutinosum,14,C,2,73,17,yes,NA,NA,0
Hyalosperma glutinosum,14,C,3,20,10,yes,NA,NA,0
Hyalosperma glutinosum,15,E,1,59,0,yes,NA,NA,0
Hyalosperma glutinosum,15,E,3,26,5,yes,NA,NA,0
Hyalosperma glutinosum,15,C,1,20,6,yes,NA,NA,0
Hyalosperma glutinosum,15,C,2,7,0,yes,NA,NA,0
Hyalosperma glutinosum,15,C,3,27,0,yes,NA,NA,0
Hyalosperma glutinosum,16,E,1,74,6,yes,NA,NA,0
Hyalosperma glutinosum,16,E,2,48,0,yes,NA,NA,0
Hyalosperma glutinosum,16,E,3,61,1,yes,NA,NA,0
Hyalosperma glutinosum,16,C,1,12,3,yes,NA,NA,0
Hyalosperma glutinosum,16,C,2,18,2,yes,NA,NA,0
Hyalosperma glutinosum,16,C,3,14,0,yes,NA,NA,0
Medicago minima,1,E,1,20,NA,yes,NA,NA,NA
Medicago minima,1,E,2,8,NA,yes,NA,NA,NA
Medicago minima,1,E,3,3,NA,yes,NA,NA,NA
Medicago minima,1,C,1,14,NA,yes,NA,NA,NA
Medicago minima,1,C,2,3,NA,yes,NA,NA,NA
Medicago minima,1,C,3,3,NA,yes,NA,NA,NA
Medicago minima,2,E,1,8,NA,yes,NA,NA,NA
Medicago minima,2,E,2,11,NA,yes,NA,NA,NA
Medicago minima,2,E,3,11,NA,yes,NA,NA,NA
Medicago minima,2,C,1,18,NA,yes,NA,NA,NA
Medicago minima,2,C,2,0,NA,yes,NA,NA,NA
Medicago minima,2,C,3,12,NA,yes,NA,NA,NA
Medicago minima,3,E,1,12,NA,yes,NA,NA,NA
Medicago minima,3,E,2,21,NA,yes,NA,NA,NA
Medicago minima,3,E,3,10,NA,yes,NA,NA,NA
Medicago minima,3,C,1,8,NA,yes,NA,NA,NA
Medicago minima,3,C,2,0,NA,yes,NA,NA,NA
Medicago minima,3,C,3,16,NA,yes,NA,NA,NA
Medicago minima,4,E,1,3,NA,yes,NA,NA,NA
Medicago minima,4,E,2,2,NA,yes,NA,NA,NA
Medicago minima,4,E,3,6,NA,yes,NA,NA,NA
Medicago minima,4,C,1,3,NA,yes,NA,NA,NA
Medicago minima,4,C,2,4,NA,yes,NA,NA,NA
Medicago minima,4,C,3,9,NA,yes,NA,NA,NA
Medicago minima,5,E,1,13,NA,yes,NA,NA,NA
Medicago minima,5,E,2,7,NA,yes,NA,NA,NA
Medicago minima,5,E,3,9,NA,yes,NA,NA,NA
Medicago minima,5,C,1,7,NA,yes,NA,NA,NA
Medicago minima,5,C,2,9,NA,yes,NA,NA,NA
Medicago minima,5,C,3,0,NA,yes,NA,NA,NA
Medicago minima,6,E,1,8,NA,yes,NA,NA,NA
Medicago minima,6,E,2,5,NA,yes,NA,NA,NA
Medicago minima,6,E,3,6,NA,yes,NA,NA,NA
Medicago minima,6,C,1,6,NA,yes,NA,NA,NA
Medicago minima,6,C,2,4,NA,yes,NA,NA,NA
Medicago minima,6,C,3,13,NA,yes,NA,NA,NA
Medicago minima,7,E,1,14,NA,yes,NA,NA,NA
Medicago minima,7,E,2,7,NA,yes,NA,NA,NA
Medicago minima,7,E,3,6,NA,yes,NA,NA,NA
Medicago minima,7,C,1,16,NA,yes,NA,NA,NA
Medicago minima,7,C,2,10,NA,yes,NA,NA,NA
Medicago minima,7,C,3,11,NA,yes,NA,NA,NA
Medicago minima,8,E,1,12,NA,yes,NA,NA,NA
Medicago minima,8,E,2,7,NA,yes,NA,NA,NA
Medicago minima,8,E,3,29,NA,yes,NA,NA,NA
Medicago minima,8,C,1,6,NA,yes,NA,NA,NA
Medicago minima,8,C,2,46,NA,yes,NA,NA,NA
Medicago minima,8,C,3,40,NA,yes,NA,NA,NA
Medicago minima,10,E,1,27,NA,yes,NA,NA,NA
Medicago minima,10,E,2,10,NA,yes,NA,NA,NA
Medicago minima,10,C,1,17,NA,yes,NA,NA,NA
Medicago minima,10,C,2,12,NA,yes,NA,NA,NA
Medicago minima,10,C,3,14,NA,yes,NA,NA,NA
Medicago minima,11,E,1,8,NA,yes,NA,NA,NA
Medicago minima,11,E,2,20,NA,yes,NA,NA,NA
Medicago minima,11,E,3,3,NA,yes,NA,NA,NA
Medicago minima,11,C,1,12,NA,yes,NA,NA,NA
Medicago minima,11,C,3,15,NA,yes,NA,NA,NA
Medicago minima,12,E,1,NA,NA,yes,NA,NA,NA
Medicago minima,12,E,2,17,NA,yes,NA,NA,NA
Medicago minima,12,C,1,NA,NA,yes,NA,NA,NA
Medicago minima,12,C,2,5,NA,yes,NA,NA,NA
Medicago minima,12,C,3,0,NA,yes,NA,NA,NA
Medicago minima,13,E,1,24,NA,yes,NA,NA,NA
Medicago minima,13,E,2,14,NA,yes,NA,NA,NA
Medicago minima,13,E,3,26,NA,yes,NA,NA,NA
Medicago minima,13,C,1,62,NA,yes,NA,NA,NA
Medicago minima,13,C,2,34,NA,yes,NA,NA,NA
Medicago minima,13,C,3,7,NA,yes,NA,NA,NA
Medicago minima,14,E,1,22,NA,yes,NA,NA,NA
Medicago minima,14,E,2,18,NA,yes,NA,NA,NA
Medicago minima,14,E,3,8,NA,yes,NA,NA,NA
Medicago minima,14,C,1,9,NA,yes,NA,NA,NA
Medicago minima,14,C,2,10,NA,yes,NA,NA,NA
Medicago minima,14,C,3,8,NA,yes,NA,NA,NA
Medicago minima,15,E,1,NA,NA,yes,NA,NA,NA
Medicago minima,15,E,2,NA,NA,yes,NA,NA,NA
Medicago minima,15,E,3,29,NA,yes,NA,NA,NA
Medicago minima,15,C,2,NA,NA,yes,NA,NA,NA
Medicago minima,15,C,3,NA,NA,yes,NA,NA,NA
Medicago minima,16,E,1,10,NA,yes,NA,NA,NA
Medicago minima,16,E,3,9,NA,yes,NA,NA,NA
Medicago minima,16,C,1,3,NA,yes,NA,NA,NA
Medicago minima,16,C,2,15,NA,yes,NA,NA,NA
Medicago minima,16,C,3,4,NA,yes,NA,NA,NA
Monoculus monstrosus,1,E,1,8,0,yes,NA,NA,0
Monoculus monstrosus,1,E,2,8,1,yes,NA,NA,0
Monoculus monstrosus,1,E,3,0,0,yes,NA,NA,0
Monoculus monstrosus,1,C,1,16,0,yes,NA,NA,0
Monoculus monstrosus,1,C,2,0,0,no,NA,NA,0
Monoculus monstrosus,1,C,3,0,0,no,NA,NA,0
Monoculus monstrosus,2,E,1,11,0,yes,NA,NA,1
Monoculus monstrosus,2,E,2,19,0,yes,NA,NA,0
Monoculus monstrosus,2,E,3,9,7,yes,NA,NA,0
Monoculus monstrosus,2,C,1,6,0,yes,NA,NA,0
Monoculus monstrosus,2,C,2,12,0,yes,NA,NA,2
Monoculus monstrosus,2,C,3,30,0,yes,NA,NA,5
Monoculus monstrosus,3,E,1,32,0,yes,NA,NA,0
Monoculus monstrosus,3,E,2,28,0,yes,NA,NA,0
Monoculus monstrosus,3,E,3,29,0,yes,NA,NA,1
Monoculus monstrosus,3,C,1,12,0,yes,NA,NA,0
Monoculus monstrosus,3,C,2,17,0,yes,NA,NA,0
Monoculus monstrosus,3,C,3,8,0,yes,NA,NA,0
Monoculus monstrosus,4,E,1,22,0,yes,NA,NA,0
Monoculus monstrosus,4,E,2,10,0,yes,NA,NA,0
Monoculus monstrosus,4,E,3,17,5,yes,NA,NA,0
Monoculus monstrosus,4,C,1,22,0,yes,NA,NA,0
Monoculus monstrosus,4,C,2,6,3,yes,NA,NA,0
Monoculus monstrosus,4,C,3,3,0,yes,NA,NA,0
Monoculus monstrosus,5,E,1,6,4,yes,NA,NA,0
Monoculus monstrosus,5,E,2,3,0,yes,NA,NA,3
Monoculus monstrosus,5,E,3,9,0,yes,NA,NA,0
Monoculus monstrosus,5,C,1,10,0,yes,NA,NA,0
Monoculus monstrosus,5,C,2,16,4,yes,NA,NA,0
Monoculus monstrosus,5,C,3,4,0,yes,NA,NA,1
Monoculus monstrosus,6,E,1,3,5,yes,NA,NA,0
Monoculus monstrosus,6,E,2,5,3,yes,NA,NA,0
Monoculus monstrosus,6,E,3,6,0,yes,NA,NA,0
Monoculus monstrosus,6,C,1,15,0,yes,NA,NA,0
Monoculus monstrosus,6,C,2,0,0,no,NA,NA,0
Monoculus monstrosus,6,C,3,5,0,yes,NA,NA,0
Monoculus monstrosus,7,E,1,6,0,yes,NA,NA,1
Monoculus monstrosus,7,E,2,5,0,yes,NA,NA,0
Monoculus monstrosus,7,E,3,20,5,yes,NA,NA,0
Monoculus monstrosus,7,C,1,4,0,yes,NA,NA,0
Monoculus monstrosus,7,C,2,5,0,yes,NA,NA,0
Monoculus monstrosus,7,C,3,12,0,yes,NA,NA,0
Monoculus monstrosus,8,E,1,4,0,yes,NA,NA,11
Monoculus monstrosus,8,E,2,32,0,yes,NA,NA,0
Monoculus monstrosus,8,E,3,5,0,yes,NA,NA,0
Monoculus monstrosus,8,C,1,27,6,yes,NA,NA,0
Monoculus monstrosus,8,C,2,4,0,yes,NA,NA,0
Monoculus monstrosus,8,C,3,1,0,yes,NA,NA,0
Monoculus monstrosus,9,E,1,6,0,yes,NA,NA,3
Monoculus monstrosus,9,E,2,3,0,yes,NA,NA,0
Monoculus monstrosus,9,E,3,1,5,yes,NA,NA,1
Monoculus monstrosus,9,C,1,0,0,no,NA,NA,0
Monoculus monstrosus,9,C,2,29,10,yes,NA,NA,2
Monoculus monstrosus,9,C,3,2,0,yes,NA,NA,0
Monoculus monstrosus,10,E,1,0,1,yes,NA,NA,0
Monoculus monstrosus,10,E,2,0,0,no,NA,NA,0
Monoculus monstrosus,10,E,3,0,0,no,NA,NA,0
Monoculus monstrosus,10,C,1,2,0,no,NA,NA,0
Monoculus monstrosus,10,C,2,3,0,yes,NA,NA,0
Monoculus monstrosus,10,C,3,3,0,yes,NA,NA,0
Monoculus monstrosus,11,E,1,9,0,yes,NA,NA,2
Monoculus monstrosus,11,E,2,16,0,yes,NA,NA,4
Monoculus monstrosus,11,E,3,31,0,yes,NA,NA,6
Monoculus monstrosus,11,C,1,4,0,yes,NA,NA,1
Monoculus monstrosus,11,C,2,3,0,yes,NA,NA,0
Monoculus monstrosus,11,C,3,4,0,yes,NA,NA,0
Monoculus monstrosus,13,E,1,7,0,yes,NA,NA,1
Monoculus monstrosus,13,E,2,6,0,yes,NA,NA,2
Monoculus monstrosus,13,E,3,0,0,yes,NA,NA,0
Monoculus monstrosus,13,C,1,0,0,no,NA,NA,0
Monoculus monstrosus,13,C,2,15,0,yes,NA,NA,0
Monoculus monstrosus,13,C,3,7,0,yes,NA,NA,0
Monoculus monstrosus,14,E,1,0,0,no,NA,NA,0
Monoculus monstrosus,14,E,2,7,0,yes,NA,NA,2
Monoculus monstrosus,14,E,3,9,0,yes,NA,NA,2
Monoculus monstrosus,14,C,1,0,0,no,NA,NA,0
Monoculus monstrosus,14,C,2,0,0,no,NA,NA,0
Monoculus monstrosus,14,C,3,0,0,no,NA,NA,0
Monoculus monstrosus,15,E,1,0,9,yes,NA,NA,4
Monoculus monstrosus,15,E,2,8,0,yes,NA,NA,2
Monoculus monstrosus,15,E,3,20,1,yes,NA,NA,2
Monoculus monstrosus,15,C,1,7,0,yes,NA,NA,1
Monoculus monstrosus,15,C,2,3,0,yes,NA,NA,0
Monoculus monstrosus,16,E,1,0,3,yes,NA,NA,0
Monoculus monstrosus,16,E,2,6,0,yes,NA,NA,0
Monoculus monstrosus,16,E,3,4,5,yes,NA,NA,0
Monoculus monstrosus,16,C,1,4,2,yes,NA,NA,0
Monoculus monstrosus,16,C,2,6,0,yes,NA,NA,2
Monoculus monstrosus,16,C,3,3,0,yes,NA,NA,0
Pentameris airoides,1,E,1,114,NA,yes,NA,NA,NA
Pentameris airoides,1,E,2,210,NA,yes,NA,NA,NA
Pentameris airoides,1,C,1,54,NA,yes,NA,NA,NA
Pentameris airoides,1,C,2,376,NA,yes,NA,NA,NA
Pentameris airoides,1,C,3,16,NA,yes,NA,NA,NA
Pentameris airoides,2,E,1,76,NA,yes,NA,NA,NA
Pentameris airoides,2,E,2,102,NA,yes,NA,NA,NA
Pentameris airoides,2,E,3,410,NA,yes,NA,NA,NA
Pentameris airoides,2,C,1,52,NA,yes,NA,NA,NA
Pentameris airoides,2,C,2,68,NA,yes,NA,NA,NA
Pentameris airoides,2,C,3,30,NA,yes,NA,NA,NA
Pentameris airoides,3,E,1,1174,NA,yes,NA,NA,NA
Pentameris airoides,3,E,2,896,NA,yes,NA,NA,NA
Pentameris airoides,3,E,3,396,NA,yes,NA,NA,NA
Pentameris airoides,3,C,2,238,NA,yes,NA,NA,NA
Pentameris airoides,3,C,3,0,NA,no,NA,NA,NA
Pentameris airoides,4,E,1,532,NA,yes,NA,NA,NA
Pentameris airoides,4,E,2,344,NA,yes,NA,NA,NA
Pentameris airoides,4,E,3,NA,NA,NA,NA,NA,NA
Pentameris airoides,4,C,1,36,NA,yes,NA,NA,NA
Pentameris airoides,4,C,2,66,NA,yes,NA,NA,NA
Pentameris airoides,4,C,3,228,NA,yes,NA,NA,NA
Pentameris airoides,5,E,1,40,NA,yes,NA,NA,NA
Pentameris airoides,5,E,2,494,NA,yes,NA,NA,NA
Pentameris airoides,5,E,3,202,NA,yes,NA,NA,NA
Pentameris airoides,5,C,1,38,NA,yes,NA,NA,NA
Pentameris airoides,5,C,2,50,NA,yes,NA,NA,NA
Pentameris airoides,5,C,3,72,NA,yes,NA,NA,NA
Pentameris airoides,6,E,1,120,NA,yes,NA,NA,NA
Pentameris airoides,6,E,2,92,NA,yes,NA,NA,NA
Pentameris airoides,6,E,3,76,NA,yes,NA,NA,NA
Pentameris airoides,6,C,1,146,NA,yes,NA,NA,NA
Pentameris airoides,6,C,2,102,NA,yes,NA,NA,NA
Pentameris airoides,6,C,3,80,NA,yes,NA,NA,NA
Pentameris airoides,7,E,1,24,NA,yes,NA,NA,NA
Pentameris airoides,7,E,2,66,NA,yes,NA,NA,NA
Pentameris airoides,7,E,3,68,NA,yes,NA,NA,NA
Pentameris airoides,7,C,1,88,NA,yes,NA,NA,NA
Pentameris airoides,7,C,2,NA,NA,NA,NA,NA,NA
Pentameris airoides,7,C,3,NA,NA,NA,NA,NA,NA
Pentameris airoides,8,E,1,122,NA,yes,NA,NA,NA
Pentameris airoides,8,E,2,196,NA,yes,NA,NA,NA
Pentameris airoides,8,C,1,140,NA,yes,NA,NA,NA
Pentameris airoides,8,C,2,38,NA,yes,NA,NA,NA
Pentameris airoides,9,E,1,410,NA,yes,NA,NA,NA
Pentameris airoides,9,E,2,262,NA,yes,NA,NA,NA
Pentameris airoides,9,E,3,32,NA,yes,NA,NA,NA
Pentameris airoides,9,C,1,78,NA,yes,NA,NA,NA
Pentameris airoides,9,C,2,82,NA,yes,NA,NA,NA
Pentameris airoides,9,C,3,58,NA,yes,NA,NA,NA
Pentameris airoides,10,E,1,140,NA,yes,NA,NA,NA
Pentameris airoides,10,E,2,322,NA,yes,NA,NA,NA
Pentameris airoides,10,E,3,70,NA,yes,NA,NA,NA
Pentameris airoides,10,C,1,118,NA,yes,NA,NA,NA
Pentameris airoides,10,C,2,94,NA,yes,NA,NA,NA
Pentameris airoides,10,C,3,36,NA,yes,NA,NA,NA
Pentameris airoides,11,E,1,348,NA,yes,NA,NA,NA
Pentameris airoides,11,E,2,314,NA,yes,NA,NA,NA
Pentameris airoides,11,E,3,92,NA,yes,NA,NA,NA
Pentameris airoides,11,C,2,22,NA,yes,NA,NA,NA
Pentameris airoides,11,C,3,186,NA,yes,NA,NA,NA
Pentameris airoides,12,E,1,728,NA,yes,NA,NA,NA
Pentameris airoides,12,E,2,1020,NA,yes,NA,NA,NA
Pentameris airoides,12,E,3,188,NA,yes,NA,NA,NA
Pentameris airoides,12,C,1,144,NA,yes,NA,NA,NA
Pentameris airoides,12,C,2,344,NA,yes,NA,NA,NA
Pentameris airoides,12,C,3,122,NA,yes,NA,NA,NA
Pentameris airoides,13,E,2,498,NA,yes,NA,NA,NA
Pentameris airoides,13,E,3,138,NA,yes,NA,NA,NA
Pentameris airoides,13,C,1,498,NA,yes,NA,NA,NA
Pentameris airoides,13,C,2,338,NA,yes,NA,NA,NA
Pentameris airoides,13,C,3,84,NA,yes,NA,NA,NA
Pentameris airoides,14,E,1,188,NA,yes,NA,NA,NA
Pentameris airoides,14,E,2,90,NA,yes,NA,NA,NA
Pentameris airoides,14,E,3,116,NA,yes,NA,NA,NA
Pentameris airoides,14,C,2,58,NA,yes,NA,NA,NA
Pentameris airoides,14,C,3,188,NA,yes,NA,NA,NA
Pentameris airoides,15,E,1,492,NA,yes,NA,NA,NA
Pentameris airoides,15,E,2,NA,NA,NA,NA,NA,NA
Pentameris airoides,15,E,3,136,NA,yes,NA,NA,NA
Pentameris airoides,15,C,1,682,NA,yes,NA,NA,NA
Pentameris airoides,15,C,2,182,NA,yes,NA,NA,NA
Pentameris airoides,16,E,1,36,NA,yes,NA,NA,NA
Pentameris airoides,16,E,2,470,NA,yes,NA,NA,NA
Pentameris airoides,16,E,3,184,NA,yes,NA,NA,NA
Pentameris airoides,16,C,1,34,NA,yes,NA,NA,NA
Pentameris airoides,16,C,2,92,NA,yes,NA,NA,NA
Pentameris airoides,16,C,3,84,NA,yes,NA,NA,NA
Plantago debilis,1,E,1,33,0,yes,NA,NA,0
Plantago debilis,1,E,2,65,0,yes,NA,NA,0
Plantago debilis,1,E,3,35,0,yes,NA,NA,0
Plantago debilis,1,C,1,17,0,yes,NA,NA,0
Plantago debilis,1,C,3,75,0,yes,NA,NA,0
Plantago debilis,2,E,1,64,0,yes,NA,NA,1
Plantago debilis,2,E,2,155,0,yes,NA,NA,0
Plantago debilis,2,E,3,26,0,yes,NA,NA,0
Plantago debilis,2,C,1,13,0,yes,NA,NA,0
Plantago debilis,2,C,2,27,0,yes,NA,NA,0
Plantago debilis,2,C,3,58,0,yes,NA,NA,0
Plantago debilis,3,E,1,25,0,yes,NA,NA,3
Plantago debilis,3,E,2,24,0,yes,NA,NA,0
Plantago debilis,3,E,3,11,0,yes,NA,NA,0
Plantago debilis,3,C,1,8,0,yes,NA,NA,0
Plantago debilis,3,C,2,4,0,yes,NA,NA,0
Plantago debilis,4,E,1,59,7,yes,NA,NA,0
Plantago debilis,4,E,2,17,0,yes,NA,NA,0
Plantago debilis,4,E,3,109,0,yes,NA,NA,0
Plantago debilis,4,C,1,18,0,yes,NA,NA,0
Plantago debilis,4,C,2,10,0,yes,NA,NA,0
Plantago debilis,4,C,3,12,0,yes,NA,NA,0
Plantago debilis,5,E,1,35,0,yes,NA,NA,0
Plantago debilis,5,E,2,12,0,yes,NA,NA,0
Plantago debilis,5,E,3,43,0,yes,NA,NA,0
Plantago debilis,5,C,1,2,0,yes,NA,NA,0
Plantago debilis,5,C,3,15,24,yes,NA,NA,0
Plantago debilis,6,E,1,61,0,yes,NA,NA,0
Plantago debilis,6,E,2,99,0,yes,NA,NA,44
Plantago debilis,6,E,3,107,0,yes,NA,NA,0
Plantago debilis,6,C,1,38,0,yes,NA,NA,0
Plantago debilis,6,C,2,46,0,yes,NA,NA,0
Plantago debilis,6,C,3,73,0,yes,NA,NA,0
Plantago debilis,7,E,1,0,0,no,NA,NA,0
Plantago debilis,7,E,2,60,0,yes,NA,NA,0
Plantago debilis,7,E,3,87,0,yes,NA,NA,0
Plantago debilis,7,C,1,12,3,yes,NA,NA,0
Plantago debilis,7,C,2,9,0,yes,NA,NA,0
Plantago debilis,7,C,3,45,0,yes,NA,NA,0
Plantago debilis,8,E,1,46,0,yes,NA,NA,0
Plantago debilis,8,E,2,30,0,yes,NA,NA,0
Plantago debilis,8,E,3,9,0,yes,NA,NA,0
Plantago debilis,8,C,1,14,0,yes,NA,NA,0
Plantago debilis,8,C,2,5,0,yes,NA,NA,0
Plantago debilis,8,C,3,15,0,yes,NA,NA,0
Plantago debilis,9,E,1,120,0,yes,NA,NA,0
Plantago debilis,9,E,2,12,0,yes,NA,NA,0
Plantago debilis,9,E,3,132,0,yes,NA,NA,0
Plantago debilis,9,C,1,70,0,yes,NA,NA,0
Plantago debilis,9,C,2,23,0,yes,NA,NA,0
Plantago debilis,10,E,1,11,0,yes,NA,NA,0
Plantago debilis,10,E,2,59,0,yes,NA,NA,0
Plantago debilis,10,E,3,17,0,yes,NA,NA,0
Plantago debilis,10,C,1,9,0,yes,NA,NA,0
Plantago debilis,10,C,2,43,0,yes,NA,NA,0
Plantago debilis,10,C,3,27,0,yes,NA,NA,0
Plantago debilis,11,E,1,0,0,yes,NA,NA,0
Plantago debilis,11,E,2,3,0,yes,NA,NA,0
Plantago debilis,11,E,3,26,0,yes,NA,NA,0
Plantago debilis,11,C,2,13,0,yes,NA,NA,0
Plantago debilis,11,C,3,0,0,yes,NA,NA,3
Plantago debilis,12,E,1,14,1,yes,NA,NA,3
Plantago debilis,12,E,2,44,0,yes,NA,NA,0
Plantago debilis,12,E,3,6,1,yes,NA,NA,0
Plantago debilis,12,C,1,45,0,yes,NA,NA,0
Plantago debilis,12,C,2,24,0,yes,NA,NA,0
Plantago debilis,12,C,3,21,0,yes,NA,NA,0
Plantago debilis,13,E,1,37,0,yes,NA,NA,0
Plantago debilis,13,E,2,4,0,yes,NA,NA,0
Plantago debilis,13,E,3,27,0,yes,NA,NA,0
Plantago debilis,13,C,1,7,0,yes,NA,NA,0
Plantago debilis,13,C,2,11,0,yes,NA,NA,0
Plantago debilis,13,C,3,7,0,yes,NA,NA,0
Plantago debilis,14,E,1,105,0,yes,NA,NA,0
Plantago debilis,14,E,2,62,0,yes,NA,NA,1
Plantago debilis,14,E,3,25,0,yes,NA,NA,2
Plantago debilis,14,C,1,54,0,yes,NA,NA,5
Plantago debilis,14,C,2,37,0,yes,NA,NA,0
Plantago debilis,14,C,3,6,0,yes,NA,NA,0
Plantago debilis,16,E,1,46,0,yes,NA,NA,0
Plantago debilis,16,E,2,125,0,yes,NA,NA,0
Plantago debilis,16,E,3,33,0,yes,NA,NA,17
Plantago debilis,16,C,1,71,0,yes,NA,NA,0
Plantago debilis,16,C,2,63,0,yes,NA,NA,0
Plantago debilis,16,C,3,83,0,yes,NA,NA,10
Podolepis canescens,1,E,1,155,673,yes,NA,NA,NA
Podolepis canescens,1,E,2,178,1011,yes,NA,NA,NA
Podolepis canescens,1,E,3,61,118,yes,NA,NA,NA
Podolepis canescens,1,C,1,135,320,yes,NA,NA,NA
Podolepis canescens,1,C,2,238,704,yes,NA,NA,NA
Podolepis canescens,1,C,3,216,400,yes,NA,NA,NA
Podolepis canescens,2,E,1,1,112,yes,NA,NA,NA
Podolepis canescens,2,E,2,76,377,yes,NA,NA,NA
Podolepis canescens,2,E,3,1,175,yes,NA,NA,NA
Podolepis canescens,2,C,1,15,225,yes,NA,NA,NA
Podolepis canescens,2,C,2,0,75,yes,NA,NA,NA
Podolepis canescens,2,C,3,0,0,yes,NA,NA,NA
Podolepis canescens,3,E,1,21,272,yes,NA,NA,NA
Podolepis canescens,3,E,2,60,140,yes,NA,NA,NA
Podolepis canescens,3,E,3,46,1331,yes,NA,NA,NA
Podolepis canescens,3,C,1,0,1024,yes,NA,NA,NA
Podolepis canescens,3,C,2,3,181,yes,NA,NA,NA
Podolepis canescens,3,C,3,0,0,yes,NA,NA,NA
Podolepis canescens,4,E,1,0,26,yes,NA,NA,NA
Podolepis canescens,4,E,2,12,324,yes,NA,NA,NA
Podolepis canescens,4,E,3,18,115,yes,NA,NA,NA
Podolepis canescens,4,C,1,0,125,yes,NA,NA,NA
Podolepis canescens,4,C,2,0,90,yes,NA,NA,NA
Podolepis canescens,4,C,3,2,228,yes,NA,NA,NA
Podolepis canescens,5,E,1,0,148,yes,NA,NA,NA
Podolepis canescens,5,E,2,155,206,yes,NA,NA,NA
Podolepis canescens,5,E,3,12,108,yes,NA,NA,NA
Podolepis canescens,5,C,1,16,66,yes,NA,NA,NA
Podolepis canescens,5,C,3,58,343,yes,NA,NA,NA
Podolepis canescens,6,E,1,63,219,yes,NA,NA,NA
Podolepis canescens,6,E,2,43,76,yes,NA,NA,NA
Podolepis canescens,6,E,3,113,124,yes,NA,NA,NA
Podolepis canescens,6,C,1,251,1496,yes,NA,NA,NA
Podolepis canescens,6,C,2,173,220,yes,NA,NA,NA
Podolepis canescens,7,E,1,169,692,yes,NA,NA,NA
Podolepis canescens,7,E,2,899,765,yes,NA,NA,NA
Podolepis canescens,7,E,3,245,291,yes,NA,NA,NA
Podolepis canescens,7,C,1,154,235,yes,NA,NA,NA
Podolepis canescens,7,C,2,295,335,yes,NA,NA,NA
Podolepis canescens,7,C,3,58,83,yes,NA,NA,NA
Podolepis canescens,8,E,1,90,500,yes,NA,NA,NA
Podolepis canescens,8,E,3,22,494,yes,NA,NA,NA
Podolepis canescens,8,C,1,11,149,yes,NA,NA,NA
Podolepis canescens,8,C,3,0,1022,yes,NA,NA,NA
Podolepis canescens,9,E,1,212,287,yes,NA,NA,NA
Podolepis canescens,9,E,2,3,24,yes,NA,NA,NA
Podolepis canescens,9,E,3,359,927,yes,NA,NA,NA
Podolepis canescens,9,C,1,11,354,yes,NA,NA,NA
Podolepis canescens,9,C,2,99,270,yes,NA,NA,NA
Podolepis canescens,9,C,3,275,316,yes,NA,NA,NA
Podolepis canescens,10,E,1,16,360,yes,NA,NA,NA
Podolepis canescens,10,E,2,63,512,yes,NA,NA,NA
Podolepis canescens,10,E,3,48,351,yes,NA,NA,NA
Podolepis canescens,10,C,1,72,209,yes,NA,NA,NA
Podolepis canescens,10,C,2,12,237,yes,NA,NA,NA
Podolepis canescens,10,C,3,19,240,yes,NA,NA,NA
Podolepis canescens,11,E,1,39,289,yes,NA,NA,NA
Podolepis canescens,11,E,2,624,884,yes,NA,NA,NA
Podolepis canescens,11,E,3,371,559,yes,NA,NA,NA
Podolepis canescens,11,C,1,482,547,yes,NA,NA,NA
Podolepis canescens,11,C,2,411,889,yes,NA,NA,NA
Podolepis canescens,11,C,3,59,673,yes,NA,NA,NA
Podolepis canescens,12,E,1,7,600,yes,NA,NA,NA
Podolepis canescens,12,E,2,422,520,yes,NA,NA,NA
Podolepis canescens,12,E,3,127,311,yes,NA,NA,NA
Podolepis canescens,12,C,1,0,0,yes,NA,NA,NA
Podolepis canescens,12,C,2,48,581,yes,NA,NA,NA
Podolepis canescens,12,C,3,NA,NA,NA,NA,NA,NA
Podolepis canescens,13,E,2,2,112,yes,NA,NA,NA
Podolepis canescens,13,E,3,89,411,yes,NA,NA,NA
Podolepis canescens,13,C,1,161,65,yes,NA,NA,NA
Podolepis canescens,13,C,2,19,164,yes,NA,NA,NA
Podolepis canescens,13,C,3,12,61,yes,NA,NA,NA
Podolepis canescens,14,E,1,145,203,yes,NA,NA,NA
Podolepis canescens,14,E,2,23,248,yes,NA,NA,NA
Podolepis canescens,14,E,3,170,395,yes,NA,NA,NA
Podolepis canescens,14,C,1,57,140,yes,NA,NA,NA
Podolepis canescens,14,C,2,326,281,yes,NA,NA,NA
Podolepis canescens,14,C,3,205,442,yes,NA,NA,NA
Podolepis canescens,15,E,1,121,325,yes,NA,NA,NA
Podolepis canescens,15,E,2,2,217,yes,NA,NA,NA
Podolepis canescens,15,E,3,23,378,yes,NA,NA,NA
Podolepis canescens,15,C,1,11,112,yes,NA,NA,NA
Podolepis canescens,15,C,2,70,386,yes,NA,NA,NA
Podolepis canescens,15,C,3,177,331,yes,NA,NA,NA
Podolepis canescens,16,E,1,286,414,yes,NA,NA,NA
Podolepis canescens,16,E,2,NA,NA,NA,NA,NA,NA
Podolepis canescens,16,E,3,66,316,yes,NA,NA,NA
Podolepis canescens,16,C,1,94,128,yes,NA,NA,NA
Podolepis canescens,16,C,2,71,293,yes,NA,NA,NA
Podolepis canescens,16,C,3,NA,NA,NA,NA,NA,NA
Trachymene cyanopetala,1,E,2,35,0,yes,NA,NA,0
Trachymene cyanopetala,1,C,1,12,0,yes,NA,NA,0
Trachymene cyanopetala,2,E,1,86,2,yes,NA,NA,5
Trachymene cyanopetala,2,E,2,75,0,yes,NA,NA,6
Trachymene cyanopetala,2,E,3,78,4,yes,NA,NA,16
Trachymene cyanopetala,2,C,1,279,0,yes,NA,NA,25
Trachymene cyanopetala,2,C,2,173,0,yes,NA,NA,30
Trachymene cyanopetala,2,C,3,15,0,yes,NA,NA,4
Trachymene cyanopetala,3,E,1,26,2,yes,NA,NA,9
Trachymene cyanopetala,3,E,2,19,0,yes,NA,NA,7
Trachymene cyanopetala,3,E,3,41,0,yes,NA,NA,9
Trachymene cyanopetala,3,C,1,10,0,yes,NA,NA,0
Trachymene cyanopetala,3,C,2,35,0,yes,NA,NA,1
Trachymene cyanopetala,3,C,3,53,6,yes,NA,NA,6
Trachymene cyanopetala,4,E,1,14,0,yes,NA,NA,1
Trachymene cyanopetala,4,E,3,44,0,yes,NA,NA,4
Trachymene cyanopetala,4,C,3,26,2,yes,NA,NA,1
Trachymene cyanopetala,5,E,1,30,0,yes,NA,NA,16
Trachymene cyanopetala,5,E,2,34,0,yes,NA,NA,13
Trachymene cyanopetala,5,E,3,62,0,yes,NA,NA,6
Trachymene cyanopetala,5,C,1,41,0,yes,NA,NA,6
Trachymene cyanopetala,5,C,2,14,0,yes,NA,NA,1
Trachymene cyanopetala,5,C,3,27,0,yes,NA,NA,8
Trachymene cyanopetala,6,E,1,27,0,yes,NA,NA,0
Trachymene cyanopetala,6,E,2,17,4,yes,NA,NA,3
Trachymene cyanopetala,6,E,3,32,0,yes,NA,NA,5
Trachymene cyanopetala,6,C,2,9,0,yes,NA,NA,1
Trachymene cyanopetala,6,C,3,40,0,yes,NA,NA,12
Trachymene cyanopetala,7,E,2,102,2,yes,NA,NA,6
Trachymene cyanopetala,7,E,3,77,0,yes,NA,NA,3
Trachymene cyanopetala,7,C,1,86,0,yes,NA,NA,7
Trachymene cyanopetala,7,C,2,60,0,yes,NA,NA,12
Trachymene cyanopetala,7,C,3,159,10,yes,NA,NA,3
Trachymene cyanopetala,8,E,1,14,0,yes,NA,NA,0
Trachymene cyanopetala,8,E,2,15,0,yes,NA,NA,1
Trachymene cyanopetala,8,E,3,5,0,yes,NA,NA,0
Trachymene cyanopetala,8,C,1,4,0,yes,NA,NA,0
Trachymene cyanopetala,8,C,2,8,2,yes,NA,NA,12
Trachymene cyanopetala,8,C,3,95,4,yes,NA,NA,9
Trachymene cyanopetala,9,E,3,40,2,yes,NA,NA,7
Trachymene cyanopetala,9,C,2,13,0,yes,NA,NA,3
Trachymene cyanopetala,9,C,3,4,0,yes,NA,NA,0
Trachymene cyanopetala,10,E,1,76,0,yes,NA,NA,13
Trachymene cyanopetala,10,E,2,184,0,yes,NA,NA,40
Trachymene cyanopetala,10,E,3,10,0,yes,NA,NA,6
Trachymene cyanopetala,10,C,2,11,2,yes,NA,NA,2
Trachymene cyanopetala,12,E,1,46,0,yes,NA,NA,13
Trachymene cyanopetala,12,E,2,36,10,yes,NA,NA,4
Trachymene cyanopetala,12,C,2,19,0,yes,NA,NA,3
Trachymene cyanopetala,12,C,3,98,4,yes,NA,NA,11
Trachymene cyanopetala,13,E,1,144,8,yes,NA,NA,9
Trachymene cyanopetala,13,E,2,59,4,yes,NA,NA,7
Trachymene cyanopetala,13,E,3,59,2,yes,NA,NA,8
Trachymene cyanopetala,13,C,1,96,0,yes,NA,NA,5
Trachymene cyanopetala,14,E,1,26,0,yes,NA,NA,15
Trachymene cyanopetala,14,E,2,78,12,yes,NA,NA,7
Trachymene cyanopetala,14,E,3,39,0,yes,NA,NA,1
Trachymene cyanopetala,14,C,1,26,0,yes,NA,NA,11
Trachymene cyanopetala,14,C,2,38,0,yes,NA,NA,9
Trachymene cyanopetala,14,C,3,108,2,yes,NA,NA,8
Trachymene cyanopetala,15,E,1,202,10,yes,NA,NA,16
Trachymene cyanopetala,15,E,2,33,0,yes,NA,NA,3
Trachymene cyanopetala,15,E,3,149,16,yes,NA,NA,28
Trachymene cyanopetala,15,C,1,16,0,yes,NA,NA,0
Trachymene cyanopetala,15,C,2,180,4,yes,NA,NA,42
Trachymene cyanopetala,15,C,3,65,4,yes,NA,NA,5
Trachymene cyanopetala,16,E,1,47,0,yes,NA,NA,4
Trachymene cyanopetala,16,E,2,63,2,yes,NA,NA,4
Trachymene cyanopetala,17,E,1,69,0,yes,NA,NA,7
Trachymene cyanopetala,17,E,2,60,0,yes,NA,NA,8
Trachymene cyanopetala,17,E,3,31,0,yes,NA,NA,6
Trachymene cyanopetala,17,C,1,10,0,yes,NA,NA,0
Trachymene cyanopetala,17,C,2,67,0,yes,NA,NA,3
Trachymene cyanopetala,17,C,3,6,0,yes,NA,NA,0
Trachymene cyanopetala,18,E,1,34,0,yes,NA,NA,7
Trachymene cyanopetala,18,E,2,22,2,yes,NA,NA,2
Trachymene cyanopetala,18,E,3,24,0,yes,NA,NA,1
Trachymene cyanopetala,18,C,1,43,0,yes,NA,NA,12
Trachymene cyanopetala,18,C,2,2,2,yes,NA,NA,3
Trachymene cyanopetala,18,C,3,18,0,yes,NA,NA,4
Trachymene cyanopetala,19,E,1,18,0,yes,NA,NA,4
Trachymene cyanopetala,19,E,2,50,0,yes,NA,NA,9
Trachymene cyanopetala,19,E,3,50,0,yes,NA,NA,25
Trachymene cyanopetala,19,C,1,3,0,yes,NA,NA,7
Trachymene cyanopetala,19,C,2,92,0,yes,NA,NA,31
Trachymene cyanopetala,19,C,3,88,4,yes,NA,NA,17
Trachymene cyanopetala,20,E,1,25,0,yes,NA,NA,11
Trachymene cyanopetala,20,E,2,26,4,yes,NA,NA,6
Trachymene cyanopetala,20,E,3,131,10,yes,NA,NA,39
Trachymene cyanopetala,20,C,1,11,2,yes,NA,NA,4
Trachymene cyanopetala,20,C,2,58,8,yes,NA,NA,17
Trachymene cyanopetala,20,C,3,9,2,yes,NA,NA,2
Trachymene cyanopetala,21,E,1,2,0,yes,NA,NA,0
Trachymene cyanopetala,21,E,2,17,4,yes,NA,NA,1
Trachymene cyanopetala,21,E,3,16,0,yes,NA,NA,1
Trachymene cyanopetala,21,C,2,2,2,yes,NA,NA,0
Trachymene cyanopetala,21,C,3,4,0,yes,NA,NA,2
Trachymene cyanopetala,22,E,1,19,2,yes,NA,NA,0
Trachymene cyanopetala,22,E,2,16,4,yes,NA,NA,0
Trachymene cyanopetala,22,C,1,16,0,yes,NA,NA,0
Trachymene cyanopetala,22,C,2,9,0,yes,NA,NA,3
Trachymene cyanopetala,22,C,3,6,0,yes,NA,NA,2
Trachymene cyanopetala,24,E,1,10,0,yes,NA,NA,1
Trachymene cyanopetala,24,E,2,4,0,yes,NA,NA,0
Trachymene cyanopetala,24,E,3,20,0,yes,NA,NA,2
Trachymene cyanopetala,24,C,1,7,0,yes,NA,NA,2
Trachymene cyanopetala,24,C,2,20,0,yes,NA,NA,2
Trachymene cyanopetala,24,C,3,15,0,yes,NA,NA,2
Trachymene ornata,1,E,1,149,0,yes,NA,NA,0
Trachymene ornata,1,E,3,48,0,yes,NA,NA,0
Trachymene ornata,1,C,2,47,0,yes,NA,NA,0
Trachymene ornata,1,C,3,33,0,yes,NA,NA,0
Trachymene ornata,4,E,2,15,0,yes,NA,NA,2
Trachymene ornata,4,C,1,18,0,yes,NA,NA,2
Trachymene ornata,4,C,2,8,0,yes,NA,NA,0
Trachymene ornata,6,C,1,29,8,yes,NA,NA,2
Trachymene ornata,9,E,1,27,0,yes,NA,NA,1
Trachymene ornata,11,E,1,44,0,yes,NA,NA,4
Trachymene ornata,11,E,2,68,0,yes,NA,NA,17
Trachymene ornata,11,E,3,81,10,yes,NA,NA,10
Trachymene ornata,11,C,1,47,0,yes,NA,NA,6
Trachymene ornata,11,C,2,110,0,yes,NA,NA,7
Trachymene ornata,11,C,3,49,4,yes,NA,NA,7
Trachymene ornata,13,C,2,8,0,yes,NA,NA,0
Trachymene ornata,13,C,3,22,0,yes,NA,NA,0
Trachymene ornata,16,C,1,132,0,yes,NA,NA,3
Trachymene ornata,16,C,2,205,0,yes,NA,NA,1
Trachymene ornata,23,E,1,38,0,yes,NA,NA,2
Trachymene ornata,23,E,2,44,8,yes,NA,NA,6
Trachymene ornata,23,E,3,22,6,yes,NA,NA,2
Trachymene ornata,23,C,1,35,4,yes,NA,NA,1
Velleia rosea,1,E,2,31,5,yes,NA,NA,2
Velleia rosea,1,E,3,40,5,yes,NA,NA,0
Velleia rosea,1,C,1,17,0,yes,NA,NA,4
Velleia rosea,1,C,2,8,0,yes,NA,NA,0
Velleia rosea,1,C,3,7,2,yes,NA,NA,0
Velleia rosea,2,E,1,23,0,yes,NA,NA,10
Velleia rosea,2,E,3,6,0,yes,NA,NA,4
Velleia rosea,2,C,1,5,0,yes,NA,NA,1
Velleia rosea,2,C,2,15,0,yes,NA,NA,7
Velleia rosea,2,C,3,3,0,yes,NA,NA,1
Velleia rosea,3,E,1,32,0,yes,NA,NA,4
Velleia rosea,3,E,2,11,0,yes,NA,NA,2
Velleia rosea,3,E,3,6,0,yes,NA,NA,0
Velleia rosea,3,C,1,8,0,yes,NA,NA,3
Velleia rosea,3,C,2,7,0,yes,NA,NA,1
Velleia rosea,3,C,3,8,0,yes,NA,NA,0
Velleia rosea,4,E,1,30,3,yes,NA,NA,2
Velleia rosea,4,E,2,13,3,yes,NA,NA,4
Velleia rosea,4,E,3,9,2,yes,NA,NA,1
Velleia rosea,4,C,1,24,4,yes,NA,NA,1
Velleia rosea,4,C,2,21,0,yes,NA,NA,5
Velleia rosea,4,C,3,2,1,yes,NA,NA,3
Velleia rosea,5,E,1,3,0,yes,NA,NA,3
Velleia rosea,5,E,3,13,0,yes,NA,NA,3
Velleia rosea,5,C,1,9,0,yes,NA,NA,2
Velleia rosea,5,C,2,4,0,yes,NA,NA,1
Velleia rosea,6,E,1,3,0,yes,NA,NA,0
Velleia rosea,6,E,2,19,2,yes,NA,NA,1
Velleia rosea,6,E,3,8,0,yes,NA,NA,1
Velleia rosea,6,C,2,20,1,yes,NA,NA,4
Velleia rosea,6,C,3,28,2,yes,NA,NA,1
Velleia rosea,7,E,1,7,15,yes,NA,NA,0
Velleia rosea,7,E,2,6,11,yes,NA,NA,0
Velleia rosea,7,E,3,48,2,yes,NA,NA,4
Velleia rosea,7,C,2,24,1,yes,NA,NA,6
Velleia rosea,7,C,3,15,5,yes,NA,NA,0
Velleia rosea,8,E,1,5,0,yes,NA,NA,0
Velleia rosea,8,E,2,8,0,yes,NA,NA,1
Velleia rosea,8,E,3,3,0,yes,NA,NA,6
Velleia rosea,8,C,1,2,0,yes,NA,NA,0
Velleia rosea,8,C,2,NA,NA,NA,NA,NA,NA
Velleia rosea,8,C,3,16,0,yes,NA,NA,1
Velleia rosea,9,E,1,10,3,yes,NA,NA,1
Velleia rosea,9,E,3,0,3,yes,NA,NA,0
Velleia rosea,9,C,1,36,6,yes,NA,NA,8
Velleia rosea,9,C,2,5,0,yes,NA,NA,0
Velleia rosea,9,C,3,10,0,yes,NA,NA,1
Velleia rosea,10,E,1,16,11,yes,NA,NA,0
Velleia rosea,10,E,2,15,5,yes,NA,NA,0
Velleia rosea,10,E,3,8,6,yes,NA,NA,0
Velleia rosea,10,C,1,52,9,yes,NA,NA,0
Velleia rosea,10,C,2,10,3,yes,NA,NA,0
Velleia rosea,10,C,3,14,1,yes,NA,NA,0
Velleia rosea,11,E,1,12,0,yes,NA,NA,0
Velleia rosea,11,E,2,9,0,yes,NA,NA,2
Velleia rosea,11,E,3,17,0,yes,NA,NA,3
Velleia rosea,11,C,1,21,0,yes,NA,NA,4
Velleia rosea,11,C,2,10,0,yes,NA,NA,2
Velleia rosea,11,C,3,14,0,yes,NA,NA,6
Velleia rosea,12,E,1,16,0,yes,NA,NA,2
Velleia rosea,12,E,2,18,0,yes,NA,NA,3
Velleia rosea,12,E,3,21,0,yes,NA,NA,0
Velleia rosea,12,C,1,8,0,yes,NA,NA,0
Velleia rosea,12,C,2,4,0,yes,NA,NA,4
Velleia rosea,12,C,3,15,0,yes,NA,NA,8
Velleia rosea,13,E,1,39,2,yes,NA,NA,10
Velleia rosea,13,E,2,9,3,yes,NA,NA,1
Velleia rosea,13,E,3,13,2,yes,NA,NA,0
Velleia rosea,13,C,1,3,0,yes,NA,NA,2
Velleia rosea,13,C,2,8,0,yes,NA,NA,0
Velleia rosea,13,C,3,15,0,yes,NA,NA,5
Velleia rosea,14,E,1,19,1,yes,NA,NA,7
Velleia rosea,14,E,2,4,2,yes,NA,NA,0
Velleia rosea,14,E,3,28,1,yes,NA,NA,4
Velleia rosea,14,C,1,5,0,yes,NA,NA,0
Velleia rosea,14,C,2,2,0,yes,NA,NA,1
Velleia rosea,14,C,3,8,0,yes,NA,NA,7
Velleia rosea,15,E,2,14,0,yes,NA,NA,0
Velleia rosea,15,E,3,54,6,yes,NA,NA,0
Velleia rosea,15,C,1,22,10,yes,NA,NA,0
Velleia rosea,15,C,2,22,0,yes,NA,NA,1
Velleia rosea,15,C,3,7,1,yes,NA,NA,4
Velleia rosea,16,E,1,39,8,yes,NA,NA,0
Velleia rosea,16,E,2,44,15,yes,NA,NA,0
Velleia rosea,16,E,3,32,3,yes,NA,NA,9
Velleia rosea,16,C,1,14,5,yes,NA,NA,0
Velleia rosea,16,C,2,34,3,yes,NA,NA,8
Velleia rosea,9,E,2,NA,NA,NA,"no mature plants (recorded as ""not vero"" in survival record)",NA,NA
Pentameris airoides,14,C,1,NA,NA,NA,no plant,NA,NA
Pentameris airoides,15,C,3,NA,NA,NA,no plant,NA,NA
Velleia rosea,6,C,1,NA,NA,NA,no plant inside envelope,NA,NA
Trachymene cyanopetala,1,E,1,NA,NA,NA,ornata,NA,NA
Trachymene cyanopetala,1,E,3,NA,NA,NA,ornata,NA,NA
Trachymene cyanopetala,1,C,2,NA,NA,NA,ornata,NA,NA
Trachymene cyanopetala,1,C,3,NA,NA,NA,ornata,NA,NA
Trachymene cyanopetala,4,E,2,NA,NA,NA,ornata,NA,NA
Trachymene cyanopetala,4,C,1,NA,NA,NA,ornata,NA,NA
Trachymene cyanopetala,4,C,2,NA,NA,NA,ornata,NA,NA
Trachymene cyanopetala,6,C,1,NA,NA,NA,ornata,NA,NA
Trachymene cyanopetala,9,E,1,NA,NA,NA,ornata,NA,NA
Trachymene cyanopetala,9,C,1,NA,NA,NA,ornata,NA,NA
Trachymene cyanopetala,11,E,1,NA,NA,NA,ornata,NA,NA
Trachymene cyanopetala,11,E,2,NA,NA,NA,ornata,NA,NA
Trachymene cyanopetala,11,E,3,NA,NA,NA,ornata,NA,NA
Trachymene cyanopetala,11,C,1,NA,NA,NA,ornata,NA,NA
Trachymene cyanopetala,11,C,2,NA,NA,NA,ornata,NA,NA
Trachymene cyanopetala,11,C,3,NA,NA,NA,ornata,NA,NA
Trachymene cyanopetala,13,C,2,NA,NA,NA,ornata,NA,NA
Trachymene cyanopetala,13,C,3,NA,NA,NA,ornata,NA,NA
Trachymene cyanopetala,16,C,1,NA,NA,NA,ornata,NA,NA
Trachymene cyanopetala,16,C,2,NA,NA,NA,ornata,NA,NA
Trachymene cyanopetala,23,E,1,NA,NA,NA,ornata,NA,NA
Trachymene cyanopetala,23,E,2,NA,NA,NA,ornata,NA,NA
Trachymene cyanopetala,23,E,3,NA,NA,NA,ornata,NA,NA
Trachymene cyanopetala,23,C,1,NA,NA,NA,ornata,NA,NA
Trachymene cyanopetala,23,C,2,NA,NA,NA,ornata,NA,NA
Trachymene cyanopetala,23,C,3,NA,NA,NA,ornata,NA,NA
Velleia rosea,15,E,1,NA,NA,NA,plant damaged in experiment,NA,NA
Monoculus monstrosus,12,E,1,NA,NA,NA,plot removed,NA,NA
Monoculus monstrosus,12,E,2,NA,NA,NA,plot removed,NA,NA
Monoculus monstrosus,12,E,3,NA,NA,NA,plot removed,NA,NA
Monoculus monstrosus,12,C,1,NA,NA,NA,plot removed,NA,NA
Monoculus monstrosus,12,C,2,NA,NA,NA,plot removed,NA,NA
Monoculus monstrosus,12,C,3,NA,NA,NA,plot removed,NA,NA
Plantago debilis,15,E,1,NA,NA,yes,plot removed,NA,NA
Plantago debilis,15,E,2,NA,NA,yes,plot removed,NA,NA
Plantago debilis,15,E,3,NA,NA,yes,plot removed,NA,NA
Plantago debilis,15,C,1,NA,NA,yes,plot removed,NA,NA
Plantago debilis,15,C,2,NA,NA,yes,plot removed,NA,NA
Plantago debilis,15,C,3,NA,NA,yes,plot removed,NA,NA
Daucus glochidiatus,8,C,3,NA,NA,NA,see envelope,NA,NA
Velleia rosea,5,C,3,0,0,yes,see envelope,NA,0
Pentameris airoides,8,E,3,NA,NA,NA,subplot removed,NA,NA
Pentameris airoides,8,C,3,NA,NA,NA,subplot removed,NA,NA
Trachymene cyanopetala,7,E,1,NA,NA,NA,subplot removed,NA,NA
Trachymene cyanopetala,12,E,3,NA,NA,NA,subplot removed,NA,NA
Trachymene cyanopetala,12,C,1,NA,NA,NA,subplot removed,NA,NA
Trachymene ornata,7,E,1,NA,NA,NA,subplot removed,NA,NA
Plantago debilis,11,C,1,14,0,yes,TALK TO CATH (about 11 in general),NA,0
Medicago minima,11,C,2,14,NA,yes,"total seeds in envelope 28, but two plants of similar biomass so divided by 2",NA,NA
Plantago debilis,9,C,3,21,0,yes,was two plants (42 seeds in total so halved),NA,0
Trachymene cyanopetala,16,E,3,69,2,yes,,NA,5
Trachymene ornata,9,C,1,43,2,yes,,NA,1